<?xml version="1.0" encoding="UTF-8"?>
<configuration>
	<!-- 这个用于域名转发，绑定域名使用 -->

	<!-- 二级域名自动分配，配置使用什么域名作为二级域名 -->
	<twoDomain>
		<!-- 如果有多个，填写多个即可，填写主域名，不加www等前缀 -->
		<!-- 注意的是，第一个域名会作为网站的官分配的二级域名，在程序里会体现第一个域名。其他的都是备用的，在程序中不会体现，只有用户使用二级域名访问时才会有效 -->
		<domain>wang.market</domain>
		<domain>wscso.com</domain>
	</twoDomain>
	
	<!-- 阿里云日志服务，提供访问统计 -->
	<!-- 此处admin、domain通用 -->
	<aliyunLog>
		<!-- 是否使用此功能。若使用日志服务记录日志动作，则此为true，若不使用，则下面参数不用管，use为false即可 -->
		<use>false</use>
		<endpoint>cn-hongkong.log.aliyuncs.com</endpoint>
		<!-- 若accessKeyId不填写，则默认自动从数据库中取system表，name=ALIYUN_ACCESSKEYID的值 -->
		<accessKeyId></accessKeyId>
		<!-- 若accessKeySecret不填写，则默认自动从数据库中取system表，name=ALIYUN_ACCESSKEYSECRET的值 -->
		<accessKeySecret></accessKeySecret>
		<!-- 项目 -->
		<project>requestlog</project>
		<!-- 日志库 -->
		<logstore>fangwen</logstore>
	</aliyunLog>
	
	<!-- 消息服务，用于二级域名、绑定域名的更新。若要分布式部署，此处必须配置 -->
	<aliyunMNS_Domain>
		<!-- 是否使用此功能。若使用日志服务记录日志动作，则此为true，若不使用，则下面参数不用管，use为false即可 -->
		<use>false</use>
		<!-- 若accessKeyId不填写，则默认自动从数据库中取system表，name=ALIYUN_ACCESSKEYID的值 -->
		<accessKeyId></accessKeyId>
		<!-- 若accessKeySecret不填写，则默认自动从数据库中取system表，name=ALIYUN_ACCESSKEYSECRET的值 -->
		<accessKeySecret></accessKeySecret>
		<!-- 如 http://13748957893745.mns.cn-hongkong.aliyuncs.com/ -->
		<endpoint></endpoint>
		<queueName>wangmarketDomain</queueName>
	</aliyunMNS_Domain>
</configuration>