<?xml version="1.0" encoding="UTF-8"?>
<configuration>

	<!-- 阿里云日志服务，提供访问统计 -->
	<!-- 此处admin、domain通用 -->
	<aliyunLog>
		<!-- 是否使用此功能。若使用日志服务记录日志动作，则此为true，若不使用，则下面参数不用管，use为false即可 -->
		<use>false</use>
		<endpoint>cn-hongkong.log.aliyuncs.com</endpoint>
		<!-- 若accessKeyId不填写，则默认自动从数据库中取system表，name=ALIYUN_ACCESSKEYID的值 -->
		<accessKeyId></accessKeyId>
		<!-- 若accessKeySecret不填写，则默认自动从数据库中取system表，name=ALIYUN_ACCESSKEYSECRET的值 -->
		<accessKeySecret></accessKeySecret>
		<!-- 项目 -->
		<project>requestlog</project>
		<!-- 日志库 -->
		<logstore>fangwen</logstore>
	</aliyunLog>
	
	<!-- 消息服务，用于二级域名、绑定域名的更新。若要分布式部署，此处必须配置 -->
	<aliyunMNS_Domain>
		<!-- 是否使用此功能。若使用日志服务记录日志动作，则此为true，若不使用，则下面参数不用管，use为false即可 -->
		<use>false</use>
		<!-- 若accessKeyId不填写，则默认自动从数据库中取system表，name=ALIYUN_ACCESSKEYID的值 -->
		<accessKeyId></accessKeyId>
		<!-- 若accessKeySecret不填写，则默认自动从数据库中取system表，name=ALIYUN_ACCESSKEYSECRET的值 -->
		<accessKeySecret></accessKeySecret>
		<!-- 如 http://13748957893745.mns.cn-hongkong.aliyuncs.com/ -->
		<endpoint></endpoint>
		<queueName>wangmarketDomain</queueName>
	</aliyunMNS_Domain>
</configuration>