<?xml version="1.0" encoding="UTF-8"?>
<configuration>
	<!-- IM 独有的配置文件，独立于管理后台、域名解析应用 -->
	
	<!-- 消息服务，用于二级域名、绑定域名的更新 -->
	<aliyunMNS_kefu>
		<!-- 若此为空，则不使用 -->
		<accessKeyId></accessKeyId>
		<accessKeySecret></accessKeySecret>
		<endpoint>http://100112232323.mns.cn-hongkong.aliyuncs.com/</endpoint>
		<queueName>wangmarketkefu</queueName>
	</aliyunMNS_kefu>
	
	<!-- 阿里云日志服务，提供客户沟通的信息存储 -->
	<!-- 此处admin、im通用 -->
	<aliyunLogKefu>
		<endpoint>cn-hongkong.log.aliyuncs.com</endpoint>
		 <!-- 若此为空，则不使用 -->
		<accessKeyId></accessKeyId>
		<accessKeySecret></accessKeySecret>
		<!-- 项目 -->
		<project>requestlog</project>
		<!-- 日志库 -->
		<logstore>kefu</logstore>
	</aliyunLogKefu>
	
</configuration>