<?xml version="1.0" encoding="UTF-8"?>
<configuration>
	<!-- IM 独有的配置文件，im、admin 应用可用 -->
	
	<!-- 消息服务，用于二级域名、绑定域名的更新 -->
	<aliyunMNS_kefu>
		<!-- 是否使用此功能。若使用则此为true，若不使用，则下面参数不用管，use为false即可
			注意，若是IM单独部署，此处必须要填写的！  -->
		<use>false</use>
		<!-- 若accessKeyId不填写，则默认自动从数据库中取system表，name=ALIYUN_ACCESSKEYID的值 -->
		<accessKeyId></accessKeyId>
		<!-- 若accessKeySecret不填写，则默认自动从数据库中取system表，name=ALIYUN_ACCESSKEYSECRET的值 -->
		<accessKeySecret></accessKeySecret>
		<endpoint>http://1030932698214282.mns.cn-hongkong.aliyuncs.com/</endpoint>
		<queueName>wangmarketkefu</queueName>
	</aliyunMNS_kefu>
	
	<!-- 阿里云日志服务，提供客户沟通的信息存储 -->
	<!-- 此处selfSite、im通用 -->
	<aliyunLogKefu>
		<!-- 是否使用此功能。若使用日志服务记录日志动作，则此为true，若不使用，则下面参数不用管，use为false即可 -->
		<use>false</use>
		<endpoint>cn-hongkong.log.aliyuncs.com</endpoint>
		<!-- 若accessKeyId不填写，则默认自动从数据库中取system表，name=ALIYUN_ACCESSKEYID的值 -->
		<accessKeyId></accessKeyId>
		<!-- 若accessKeySecret不填写，则默认自动从数据库中取system表，name=ALIYUN_ACCESSKEYSECRET的值 -->
		<accessKeySecret></accessKeySecret>
		<!-- 项目 -->
		<project>requestlog</project>
		<!-- 日志库 -->
		<logstore>kefu</logstore>
	</aliyunLogKefu>
	
	<!-- 根据socketUuid进行查看会话内容的网址，注意最后要加上/ -->
	<previewByTokenUrl>http://www.wangshichang.com/</previewByTokenUrl>
</configuration>