<?xml version="1.0" encoding="UTF-8"?>
<beans xmlns="http://www.springframework.org/schema/beans"
	xmlns:xsi="http://www.w3.org/2001/XMLSchema-instance"
	xmlns:p="http://www.springframework.org/schema/p"
	xmlns:context="http://www.springframework.org/schema/context"
	xmlns:mvc="http://www.springframework.org/schema/mvc"
	xmlns:aop="http://www.springframework.org/schema/aop"
	xsi:schemaLocation="http://www.springframework.org/schema/aop http://www.springframework.org/schema/aop/spring-aop-4.2.xsd
		http://www.springframework.org/schema/mvc http://www.springframework.org/schema/mvc/spring-mvc-4.2.xsd
		http://www.springframework.org/schema/beans http://www.springframework.org/schema/beans/spring-beans-3.0.xsd
		http://www.springframework.org/schema/context http://www.springframework.org/schema/context/spring-context-3.0.xsd">
    
    <!-- 自动扫描controller -->    
    <context:component-scan base-package="com.xnx3">
		<context:include-filter type="annotation" expression="org.springframework.stereotype.Controller"/>
		<context:include-filter type="annotation" expression="org.springframework.web.bind.annotation.ControllerAdvice"/>
	</context:component-scan>
	<!-- <context:component-scan base-package="com.xnx3.im.controller">
		<context:include-filter type="annotation" expression="org.springframework.stereotype.Controller"/>
		<context:include-filter type="annotation" expression="org.springframework.web.bind.annotation.ControllerAdvice"/>
	</context:component-scan> -->
	
	<!-- Shiro start -->
	<!-- Required for security annotations to work in this servlet -->
    <bean class="org.springframework.aop.framework.autoproxy.DefaultAdvisorAutoProxyCreator"/>
    <bean class="org.apache.shiro.spring.security.interceptor.AuthorizationAttributeSourceAdvisor"/>
    <bean class="org.springframework.web.servlet.handler.SimpleMappingExceptionResolver">
    	<!-- 默认500错误页面，就是不在exceptionMappings指定范围内，500错误页面 -->
    	<property name="defaultErrorView" value="/iw/500" />
    	
        <property name="exceptionMappings">
            <props>
                <prop key="org.apache.shiro.authz.UnauthorizedException">/iw/403</prop>
                <prop key="org.apache.shiro.authz.AuthorizationException">/iw/403</prop>
            </props>
        </property>
    </bean>
	<!-- Shiro end -->
	
	<bean id="viewResolver"
		class="org.springframework.web.servlet.view.UrlBasedViewResolver">
		<property name="viewClass"
			value="org.springframework.web.servlet.view.JstlView" />
		<property name="prefix" value="/WEB-INF/view/" />
		<property name="suffix" value=".jsp" />
	</bean>
	
	<!-- rest json related... start -->
    <bean id="mappingJacksonHttpMessageConverter"
          class="org.springframework.http.converter.json.MappingJackson2HttpMessageConverter">
        <property name="supportedMediaTypes">
            <list>
            	<value>text/html;charset=UTF-8</value>
            </list>
        </property>
    </bean>
    <bean class="org.springframework.web.servlet.mvc.annotation.AnnotationMethodHandlerAdapter">
        <property name="messageConverters">
            <list>
                <ref bean="mappingJacksonHttpMessageConverter"/>
            </list>
        </property>
    </bean>
    <!-- rest json related... end -->
	
	<!-- 配置静态资源 -->
	<mvc:default-servlet-handler />
	
	<!-- 注解 -->
	<mvc:annotation-driven />
	
	<!-- 拦截器 -->
	<mvc:interceptors>
	<mvc:interceptor>
		<mvc:mapping path="/**/*.do"/>
		<mvc:exclude-mapping path="/user/logout.do"/>
		<bean class="com.xnx3.j2ee.system.SystemInterceptor"></bean>
	</mvc:interceptor>
	</mvc:interceptors>
	
</beans>
