<?xml version="1.0" encoding="UTF-8"?>
<configuration>

	<log>
		<!-- logService 动作日志记录的相关参数配置,记录所有用户的动作信息
			若不使用，不开启，use为false即可
		 -->
		<logService>
			<!-- 是否使用此功能。若使用日志服务记录日志动作，则此为true，若不使用，则下面参数不用管，use为false即可 -->
			<use>false</use>
			<!-- 服务入口，如cn-hangzhou.log.aliyuncs.com ，具体参考 https://help.aliyun.com/document_detail/29008.html -->
			<endpoint>cn-hongkong.log.aliyuncs.com</endpoint>
			<!-- 阿里云的 AccessKeys  -->
			<!-- 若accessKeyId不填写，则默认自动从数据库中取system表，name=ALIYUN_ACCESSKEYID的值 -->
			<accessKeyId></accessKeyId>
			<!-- 若accessKeySecret不填写，则默认自动从数据库中取system表，name=ALIYUN_ACCESSKEYSECRET的值 -->
			<accessKeySecret></accessKeySecret>
			<!-- 日志服务的Project -->
			<project>requestlog</project>
			<!-- 上面project下的Logstore -->
			<logstore>siteconsole</logstore>
			
			<!-- 缓存日志的最大时间，单位为秒。超过这个时间后，将会自动提交日志。即每隔多长时间就自动提交日志，然后清空（ {@link #logGroup} ）重新开始累计 -->
			<log_cache_max_time>600</log_cache_max_time>
			<!-- 缓存日志的最大条数。当达到这个条数后，将自动提交日志。 -->
			<log_cache_max_number>100</log_cache_max_number>
		</logService>
	</log>
	
	<sms>
		<!-- 短信同一手机号，某个功能每天发送的条数限制，超过这个条数，这个功能便无法再次发送短信了。 -->
		<!-- 如登录功能，这个功能今天18453663367这个手机号发送了5次短信，再次发送时，便会失败，今天不能再发送了 -->
		<!-- 0为不限制 -->
		<everyDayPhoneNum>10</everyDayPhoneNum>
		<!-- 同上，只不过这个是针对ip。介于一个wifi有很多终端，都是同一个ip，这个数值可能比较大 -->
		<!-- 0为不限制 -->
		<everyDayIpNum>11</everyDayIpNum>
		<!-- 验证码发出去后，使用的有效期，多长时间之内使用有效。单位：秒，0为不限制时间，只要验证码未用过就可以使用 -->
		<codeValidity>600</codeValidity>
	</sms>
	
	<bbs>
		<!-- 发帖,标题允许的最小长度（英文长度） -->
		<titleMinLength>4</titleMinLength>
		<!-- 发帖,标题允许的最大长度（英文长度），最大值同时取决于数据库字段的最大值限制 -->
		<titleMaxLength>30</titleMaxLength>
		<!-- 发帖,内容所允许的最小长度（英文长度) -->
		<textMinLength>4</textMinLength>
		<!-- 回帖，内容所允许的最小长度（英文长度) -->
		<commentTextMinLength>2</commentTextMinLength>
		<!-- 回帖，内容所允许的最大长度（英文长度) -->
		<commentTextMaxLength>100</commentTextMaxLength>
		<!-- 是否将阅读帖子写日志进行记录-->
		<readPost_addLog>true</readPost_addLog>
		<!-- 发帖时，如果没有选择发帖到哪，这里默认选中的那个分类id -->
		<default_createPost_classId>1</default_createPost_classId>
		<!-- 发帖时，自动截取内容前多少个字节作为简介。这里是截取的开头的最大字符 -->
		<post_info_autoCat_max>60</post_info_autoCat_max>
	</bbs>
	
	<!-- aliyun OSS 文件上传 -->
	<OSS>
		<!-- 图片文件，允许上传的图片的后缀名，多个以|分割 -->
		<imageSuffixList>jpg|png|gif|bmp|jpeg</imageSuffixList>
	</OSS>
	
	<!-- 百度 UEditor编辑器 -->
	<UEditor>
		<aliyunOSS>
			<!-- 是否将图片、附件的上传，传入OSS，若为true，则只要是上传文件，都上传到OSS中；若为false，则使用UEditor的本地上传，跟UEditor原生相同 -->
			<!-- 开启为true的前提是，xnx3Config.xml的aliyunOSS节点已配置 -->
			<useOSS>true</useOSS>
			<!-- 是否使用 OSSKey.properties配置文件作为UEditor的配置，无特殊问题统一为false -->
			<useOSSKeyProperties>false</useOSSKeyProperties>
			<!-- 是否启用本地存储，若useOSS为true，便是将文件上传到OSS服务器上，如果这项也是true，则将文件再上传到OSS上的同时，再本地也会创建这个文件，相当于上传了两份 -->
			<useLocalStorager>false</useLocalStorager>
			<!-- 是否限制用户上传，若为false,则不限制，都能上传。若为true，则启用限制上传，可通过 ShiroFunc.getUEditorAllowUpload()或者set来控制 -->
			<astrictUpload>false</astrictUpload>
			<!-- 若 astrictUpload 为true，这里配置如果不允许用户上传的提示文字。 -->
			<astrictUploadMessage>您上传的空间已不足，请购买后再上传</astrictUploadMessage>
			<!-- 是否异步上传，默认false -->
			<useAsynUploader>false</useAsynUploader>
		</aliyunOSS>
	</UEditor>
	
	<!-- Controller、Service、Dao 的方法执行时间检测。若不想使用需吧used设置为false，不会对程序执行造成什么延迟 -->
	<ExecuteTime>
		<!-- Controller的执行时间，使用Spring MVC拦截器 com.xnx3.j2ee.interceptor.SystemInterceptor -->
		<controller>
			<!-- 是否启用。若为false，则不启用 -->
			<used>true</used>
		</controller>
		
		<!-- Service 、Dao 的方法执行时间，打印输出使用Log4j 的 info ，AOP位于 com.xnx3.j2ee.system.Aop -->
		<serviceDao>
			<!-- 是否启用。若为false，则不启用 -->
			<used>true</used>
		</serviceDao>
		
		<!-- 若上面的有其中至少一项开启，同时满足此：若执行时间超过多少毫秒，就在控制台打印出来，这里的单位是毫秒，大于这个数值的才会控制台输出 -->
		<recordTime>1000</recordTime>
	</ExecuteTime>
	
	<!-- 阿里云，阿里绿网的文本过滤服务,检测用户自己输入的文本是否合法，比如用户发表帖子，则可以用这个自动来识别帖子的内容是否合法
		若不使用，不开启，use为false即可
	 -->
	<aliyunTextFilter>
		<!-- 是否使用此功能。若使用日志服务记录日志动作，则此为true，若不使用，则下面参数不用管，use为false即可 -->
		<use>false</use>
		<!-- 哪个区，目前只支持 cn-shanghai -->
		<regionId>cn-shanghai</regionId>
		<!-- 阿里云的 AccessKeys -->
		<!-- 若accessKeyId不填写，则默认自动从数据库中取system表，name=ALIYUN_ACCESSKEYID的值 -->
		<accessKeyId></accessKeyId>
		<!-- 若accessKeySecret不填写，则默认自动从数据库中取system表，name=ALIYUN_ACCESSKEYSECRET的值 -->
		<accessKeySecret></accessKeySecret>
		<!-- 若是发现违规，同一Session下出现第一次违规跟第五次违规时，会发送一条邮件提醒，这里是提醒者的邮箱 -->
		<receiveEmail></receiveEmail>
	</aliyunTextFilter>
	
	<!-- 项目开启运行后的自动检测，若开启，会在 com.xnx3.j2ee.init.InitServlet 中自动进行检测。 取值范围为true、false
		这里面使用到的模块，强烈建议开启自动检测，不要关闭 -->
	<startAutoCheck>
		<!-- 是否开启数据库的自动检测，若你项目用到数据库了，那这项一定是要开启的！不然数据库中的一些基本配置是无法加在，系统会出错！无法使用！ -->
		<db>true</db>
		<!-- 是否开启OSS自动检测。主要用于文件上传存储使用。若不懂，建议开启，为 true 即可 -->
		<oss>true</oss>
	</startAutoCheck>
</configuration>